order_details_id,order_id,pizza_id,quantity
1,1,hawaiian_m,1
2,2,classic_dlx_m,1
3,2,five_cheese_l,1
4,2,ital_supr_l,1
5,2,mexicana_m,1
6,2,thai_ckn_l,1
7,3,ital_supr_m,1
8,3,prsc_argla_l,1
9,4,ital_supr_m,1
10,5,ital_supr_m,1
11,6,bbq_ckn_s,1
12,6,the_greek_s,1
13,7,spinach_supr_s,1
14,8,spinach_supr_s,1
15,9,classic_dlx_s,1
16,9,green_garden_s,1
17,9,ital_cpcllo_l,1
18,9,ital_supr_l,1
19,9,ital_supr_s,1
20,9,mexicana_s,1
21,9,spicy_ital_l,1
22,9,spin_pesto_l,1
23,9,veggie_veg_s,1
24,10,mexicana_l,1
25,10,southw_ckn_l,1
26,11,bbq_ckn_l,1
27,11,cali_ckn_l,1
28,11,cali_ckn_m,1
29,11,pepperoni_l,1
30,12,cali_ckn_l,1
31,12,cali_ckn_s,1
32,12,ckn_pesto_l,1
33,12,ital_supr_m,1
34,13,mexicana_l,1
35,14,the_greek_s,1
36,15,big_meat_s,1
37,15,five_cheese_l,1
38,15,soppressata_l,1
39,15,the_greek_s,1
40,16,four_cheese_l,1
41,16,napolitana_s,1
42,16,thai_ckn_l,1
43,17,bbq_ckn_l,1
44,17,calabrese_m,1
45,17,five_cheese_l,1
46,17,four_cheese_m,1
47,17,ital_supr_m,1
48,17,ital_veggie_s,1
49,17,mediterraneo_m,2
50,17,mexicana_l,1
51,17,peppr_salami_s,1
52,17,spinach_fet_l,1
53,18,napolitana_l,1
54,19,ital_cpcllo_l,1
55,19,sicilian_l,1
56,20,big_meat_s,1
57,20,five_cheese_l,1
58,21,ital_cpcllo_l,1
59,22,five_cheese_l,1
60,22,ital_cpcllo_m,1
61,22,southw_ckn_l,1
62,23,southw_ckn_s,1
63,24,bbq_ckn_m,1
64,24,ital_cpcllo_m,1
65,24,pepperoni_m,1
66,24,prsc_argla_s,1
67,25,sicilian_m,1
68,25,thai_ckn_l,1
69,26,classic_dlx_s,1
70,26,veggie_veg_l,1
71,27,bbq_ckn_l,1
72,27,classic_dlx_m,1
73,27,spinach_fet_l,1
74,28,ckn_alfredo_s,1
75,29,green_garden_s,1
76,30,thai_ckn_l,1
77,31,mexicana_m,1
78,31,pepperoni_s,1
79,32,big_meat_s,1
80,32,green_garden_l,1
81,32,ital_cpcllo_l,1
82,32,ital_supr_m,1
83,33,bbq_ckn_l,1
84,33,green_garden_s,1
85,34,the_greek_s,1
86,35,green_garden_m,1
87,35,pep_msh_pep_l,1
88,35,pepperoni_m,1
89,35,thai_ckn_l,1
90,36,bbq_ckn_m,1
91,36,classic_dlx_m,1
92,37,ital_supr_l,1
93,37,mexicana_l,1
94,38,hawaiian_s,1
95,38,ital_cpcllo_l,1
96,39,ital_supr_l,1
97,40,four_cheese_l,1
98,40,southw_ckn_s,1
99,41,four_cheese_m,1
100,41,green_garden_s,1
101,42,big_meat_s,1
102,42,five_cheese_l,1
103,42,mexicana_l,1
104,42,peppr_salami_m,1
105,43,ckn_alfredo_m,1
106,43,ital_supr_m,1
107,43,peppr_salami_l,1
108,44,spin_pesto_s,1
109,45,four_cheese_l,1
110,45,hawaiian_s,1
111,45,thai_ckn_m,1
112,46,ckn_pesto_l,1
113,46,classic_dlx_l,1
114,46,thai_ckn_m,1
115,47,southw_ckn_l,1
116,47,veggie_veg_s,1
117,48,ckn_pesto_m,1
118,48,green_garden_s,1
119,48,prsc_argla_l,1
120,48,spicy_ital_l,1
121,49,sicilian_l,1
122,50,the_greek_xl,1
123,51,bbq_ckn_l,1
124,51,pep_msh_pep_l,1
125,52,hawaiian_l,1
126,52,mexicana_l,1
127,52,spicy_ital_l,1
128,53,pep_msh_pep_s,1
129,53,spinach_supr_m,1
130,54,prsc_argla_m,1
131,54,thai_ckn_l,1
132,55,peppr_salami_s,1
133,55,spicy_ital_l,1
134,56,classic_dlx_m,1
135,56,mediterraneo_l,1
136,56,southw_ckn_m,1
137,57,classic_dlx_m,1
138,58,five_cheese_l,1
139,58,pepperoni_m,1
140,59,ital_veggie_s,1
141,59,pep_msh_pep_s,1
142,59,pepperoni_l,1
143,60,ckn_pesto_l,1
144,60,four_cheese_m,1
145,61,bbq_ckn_m,1
146,61,ital_supr_l,1
147,62,bbq_ckn_m,1
148,62,spinach_supr_m,1
149,63,pep_msh_pep_m,1
150,64,big_meat_s,1
151,65,pep_msh_pep_s,1
152,65,sicilian_s,1
153,65,spicy_ital_s,1
154,65,spinach_supr_m,1
155,66,classic_dlx_m,1
156,66,ital_cpcllo_m,1
157,67,southw_ckn_l,1
158,68,classic_dlx_m,1
159,68,ital_supr_l,1
160,68,ital_supr_m,1
161,69,bbq_ckn_l,1
162,70,ital_veggie_s,1
163,70,soppressata_l,1
164,71,thai_ckn_l,1
165,72,spinach_fet_l,1
166,73,thai_ckn_s,1
167,74,five_cheese_l,1
168,74,mexicana_l,1
169,74,spin_pesto_s,1
170,74,spinach_supr_l,1
171,75,ital_supr_s,1
172,75,mediterraneo_l,1
173,75,napolitana_l,1
174,76,big_meat_s,1
175,76,hawaiian_l,1
176,76,ital_veggie_l,1
177,76,spicy_ital_l,1
178,77,bbq_ckn_m,1
179,77,hawaiian_m,1
180,78,big_meat_s,1
181,78,classic_dlx_s,1
182,78,four_cheese_l,1
183,78,ital_cpcllo_m,1
184,78,spicy_ital_l,3
185,78,thai_ckn_s,1
186,79,ital_cpcllo_l,1
187,79,pep_msh_pep_s,1
188,79,thai_ckn_l,1
189,80,pepperoni_s,1
190,80,thai_ckn_m,1
191,81,thai_ckn_l,1
192,82,big_meat_s,1
193,82,cali_ckn_m,1
194,82,spicy_ital_l,1
195,82,veggie_veg_m,1
196,83,southw_ckn_s,1
197,84,pepperoni_l,1
198,85,classic_dlx_m,1
199,85,classic_dlx_s,1
200,85,ital_supr_l,1
201,85,the_greek_m,1
202,86,hawaiian_l,1
203,87,ital_cpcllo_m,1
204,87,mexicana_m,1
205,87,spinach_supr_l,1
206,87,spinach_supr_s,1
207,88,five_cheese_l,1
208,89,soppressata_l,1
209,89,thai_ckn_l,1
210,90,sicilian_l,1
211,90,thai_ckn_s,1
212,91,bbq_ckn_l,2
213,91,ckn_pesto_s,1
214,91,pepperoni_s,1
215,92,bbq_ckn_m,1
216,92,ital_supr_l,1
217,92,ital_supr_m,1
218,92,ital_veggie_s,1
219,92,pepperoni_m,1
220,92,peppr_salami_m,1
221,92,spinach_fet_s,1
222,92,spinach_supr_s,1
223,92,the_greek_m,2
224,93,sicilian_m,1
225,94,ital_cpcllo_m,1
226,94,southw_ckn_s,1
227,95,napolitana_s,1
228,95,peppr_salami_l,1
229,96,napolitana_s,1
230,97,big_meat_s,1
231,98,classic_dlx_l,1
232,98,napolitana_l,1
233,99,ital_supr_l,1
234,100,hawaiian_l,1
235,101,cali_ckn_l,1
236,101,pepperoni_l,1
237,101,soppressata_l,1
238,101,spicy_ital_m,1
239,102,bbq_ckn_s,1
240,102,prsc_argla_s,1
241,103,spinach_supr_s,1
242,104,bbq_ckn_m,1
243,104,ckn_alfredo_m,1
244,104,ital_veggie_m,1
245,104,veggie_veg_l,1
246,105,hawaiian_s,2
247,105,pepperoni_l,1
248,105,prsc_argla_m,1
249,106,mexicana_l,1
250,106,spicy_ital_l,1
251,107,cali_ckn_l,1
252,107,ital_supr_m,1
253,107,spicy_ital_l,1
254,107,veggie_veg_l,1
255,108,classic_dlx_l,1
256,108,hawaiian_l,1
257,108,spinach_supr_l,1
258,109,ital_cpcllo_l,1
259,109,ital_supr_l,1
260,109,pepperoni_m,1
261,109,prsc_argla_l,1
262,110,big_meat_s,1
263,110,napolitana_l,1
264,110,soppressata_l,1
265,110,spicy_ital_s,1
266,111,cali_ckn_m,1
267,111,five_cheese_l,1
268,111,pepperoni_m,1
269,111,spin_pesto_l,1
270,112,pepperoni_s,1
271,113,cali_ckn_l,1
272,113,mexicana_l,1
273,113,southw_ckn_m,1
274,114,pepperoni_l,1
275,114,sicilian_s,1
276,115,big_meat_s,1
277,115,napolitana_l,1
278,115,thai_ckn_m,1
279,116,five_cheese_l,1
280,117,peppr_salami_m,1
281,117,sicilian_l,1
282,118,prsc_argla_l,1
283,118,spinach_fet_s,1
284,119,four_cheese_m,1
285,120,classic_dlx_s,1
286,120,hawaiian_s,1
287,120,spinach_fet_l,1
288,121,bbq_ckn_m,1
289,121,four_cheese_l,1
290,121,sicilian_l,1
291,121,southw_ckn_l,1
292,122,ital_supr_m,1
293,123,ital_cpcllo_s,1
294,124,bbq_ckn_s,1
295,124,sicilian_l,1
296,124,spicy_ital_l,1
297,124,the_greek_s,1
298,125,the_greek_xl,1
299,126,veggie_veg_l,1
300,127,pepperoni_m,1
301,128,spicy_ital_s,1
302,129,big_meat_s,1
303,129,the_greek_m,1
304,130,hawaiian_s,1
305,130,ital_cpcllo_l,1
306,130,mexicana_m,1
307,130,southw_ckn_s,1
308,131,ckn_pesto_l,1
309,131,five_cheese_l,1
310,131,green_garden_s,1
311,131,spinach_supr_s,1
312,132,pepperoni_s,1
313,133,bbq_ckn_l,1
314,133,hawaiian_l,1
315,133,the_greek_s,1
316,134,big_meat_s,1
317,134,southw_ckn_l,1
318,134,spinach_supr_s,1
319,135,veggie_veg_l,1
320,136,five_cheese_l,1
321,136,peppr_salami_s,1
322,137,mediterraneo_l,1
323,137,pepperoni_s,1
324,137,spicy_ital_m,1
325,138,cali_ckn_m,1
326,138,four_cheese_l,1
327,138,ital_veggie_l,1
328,138,sicilian_m,1
329,139,five_cheese_l,1
330,140,prsc_argla_s,1
331,140,veggie_veg_m,1
332,141,classic_dlx_m,1
333,142,green_garden_m,1
334,143,cali_ckn_s,1
335,143,classic_dlx_s,1
336,143,hawaiian_l,1
337,143,mexicana_m,1
338,143,pepperoni_l,1
339,143,prsc_argla_s,1
340,143,thai_ckn_l,1
341,143,veggie_veg_m,1
342,144,bbq_ckn_m,3
343,144,big_meat_s,1
344,144,cali_ckn_l,1
345,144,ckn_pesto_m,1
346,144,five_cheese_l,1
347,144,four_cheese_l,1
348,144,pep_msh_pep_s,1
349,144,southw_ckn_l,1
350,144,southw_ckn_s,1
351,144,spicy_ital_l,1
352,144,thai_ckn_m,1
353,144,veggie_veg_l,1
354,145,the_greek_s,1
355,146,cali_ckn_l,1
356,146,four_cheese_m,1
357,146,hawaiian_m,1
358,147,the_greek_xl,1
359,148,mediterraneo_s,1
360,149,spinach_fet_m,1
361,150,pepperoni_m,1
362,151,southw_ckn_l,1
363,151,spinach_supr_s,1
364,152,hawaiian_s,1
365,152,spinach_fet_l,1
366,152,thai_ckn_s,1
367,152,the_greek_m,1
368,153,mexicana_m,1
369,154,prsc_argla_s,1
370,155,ckn_pesto_s,1
371,155,napolitana_l,1
372,155,pepperoni_l,1
373,155,peppr_salami_l,1
374,156,napolitana_m,1
375,156,thai_ckn_l,1
376,157,ital_supr_l,1
377,157,mediterraneo_m,1
378,157,sicilian_m,1
379,157,spin_pesto_m,1
380,158,ital_veggie_m,1
381,158,thai_ckn_m,1
382,159,four_cheese_l,1
383,159,thai_ckn_m,1
384,160,classic_dlx_m,1
385,161,hawaiian_s,1
386,161,spicy_ital_m,1
387,161,the_greek_xl,1
388,162,big_meat_s,1
389,163,hawaiian_m,1
390,163,pepperoni_l,1
391,163,the_greek_m,1
392,164,cali_ckn_l,1
393,164,pepperoni_m,1
394,165,prsc_argla_m,1
395,166,prsc_argla_s,1
396,167,bbq_ckn_l,1
397,167,ital_supr_m,1
398,167,pepperoni_m,1
399,168,big_meat_s,1
400,168,veggie_veg_m,1
401,169,four_cheese_l,1
402,169,ital_cpcllo_s,1
403,169,sicilian_m,1
404,170,hawaiian_l,1
405,171,napolitana_m,1
406,172,napolitana_s,1
407,172,spinach_supr_m,1
408,172,thai_ckn_l,1
409,173,cali_ckn_m,1
410,173,classic_dlx_m,1
411,173,veggie_veg_l,1
412,174,big_meat_s,1
413,174,cali_ckn_l,1
414,174,cali_ckn_m,1
415,174,ital_cpcllo_m,1
416,175,ital_supr_l,1
417,176,cali_ckn_l,1
418,176,peppr_salami_m,1
419,177,napolitana_s,1
420,177,thai_ckn_l,1
421,178,peppr_salami_l,1
422,179,hawaiian_l,1
423,179,sicilian_m,1
424,179,veggie_veg_s,1
425,180,classic_dlx_l,1
426,180,prsc_argla_l,1
427,181,mexicana_l,1
428,182,brie_carre_s,1
429,182,peppr_salami_l,1
430,183,napolitana_m,1
431,183,spin_pesto_l,1
432,183,spin_pesto_s,1
433,184,hawaiian_l,1
434,185,sicilian_m,1
435,185,spin_pesto_s,1
436,186,mexicana_l,1
437,186,southw_ckn_l,1
438,186,spin_pesto_l,1
439,186,thai_ckn_l,1
440,187,five_cheese_l,1
441,187,spin_pesto_l,1
442,188,five_cheese_l,1
443,188,pepperoni_s,1
444,188,peppr_salami_l,1
445,189,big_meat_s,2
446,189,thai_ckn_s,1
447,190,bbq_ckn_l,1
448,190,four_cheese_m,1
449,190,pep_msh_pep_s,1
450,190,prsc_argla_l,1
451,191,cali_ckn_l,1
452,191,ckn_alfredo_m,1
453,192,sicilian_s,1
454,192,southw_ckn_l,1
455,193,big_meat_s,1
456,193,cali_ckn_m,1
457,193,ckn_alfredo_l,2
458,194,bbq_ckn_s,1
459,195,bbq_ckn_l,1
460,196,sicilian_s,1
461,196,spicy_ital_m,1
462,196,veggie_veg_m,1
463,197,four_cheese_l,1
464,197,ital_cpcllo_l,1
465,197,ital_veggie_l,1
466,197,soppressata_l,1
467,198,big_meat_s,1
468,198,ckn_alfredo_l,1
469,199,ckn_alfredo_m,1
470,200,the_greek_xl,1
471,201,calabrese_m,1
472,201,ckn_pesto_l,1
473,201,ital_supr_l,1
474,201,the_greek_xl,1
475,202,cali_ckn_s,1
476,203,cali_ckn_l,1
477,203,ital_veggie_m,1
478,203,pep_msh_pep_l,1
479,203,the_greek_s,1
480,204,spicy_ital_l,1
481,205,cali_ckn_s,1
482,205,ckn_alfredo_m,1
483,205,prsc_argla_s,1
484,206,napolitana_m,1
485,206,pepperoni_s,1
486,206,spicy_ital_l,1
487,207,spicy_ital_l,1
488,208,bbq_ckn_l,1
489,208,bbq_ckn_s,1
490,208,ckn_alfredo_m,1
491,208,pepperoni_m,1
492,208,the_greek_m,1
493,209,cali_ckn_l,1
494,210,spinach_fet_s,1
495,211,pepperoni_s,1
496,212,ital_cpcllo_l,1
497,213,four_cheese_l,1
498,214,ital_cpcllo_l,1
499,214,ital_supr_m,1
500,214,mexicana_s,1
501,214,spin_pesto_m,1
502,215,green_garden_s,1
503,216,bbq_ckn_m,1
504,216,five_cheese_l,1
505,216,hawaiian_l,1
506,217,classic_dlx_m,1
507,217,spinach_fet_s,1
508,218,spicy_ital_m,1
509,219,bbq_ckn_l,1
510,219,five_cheese_l,1
511,219,peppr_salami_m,1
512,219,spinach_fet_m,1
513,220,hawaiian_s,1
514,220,ital_cpcllo_s,1
515,220,napolitana_l,1
516,220,spicy_ital_l,1
517,221,five_cheese_l,1
518,221,prsc_argla_m,1
519,221,the_greek_s,1
520,222,four_cheese_l,1
521,222,sicilian_s,1
522,223,pep_msh_pep_s,1
523,224,ckn_alfredo_s,1
524,224,ital_supr_m,1
525,224,napolitana_m,1
526,224,thai_ckn_l,1
527,225,bbq_ckn_l,1
528,225,bbq_ckn_m,1
529,225,southw_ckn_s,1
530,226,classic_dlx_l,1
531,227,bbq_ckn_m,1
532,227,the_greek_m,1
533,228,ital_veggie_s,1
534,229,ital_veggie_l,1
535,229,prsc_argla_l,1
536,229,spin_pesto_s,1
537,230,thai_ckn_m,1
538,231,cali_ckn_l,1
539,231,napolitana_s,1
540,231,prsc_argla_s,1
541,232,bbq_ckn_m,1
542,232,spinach_supr_l,1
543,233,spinach_fet_s,1
544,234,ckn_alfredo_m,1
545,234,ital_supr_s,1
546,234,napolitana_m,1
547,235,cali_ckn_m,1
548,236,classic_dlx_l,1
549,236,green_garden_m,1
550,237,green_garden_s,1
551,238,spin_pesto_l,1
552,239,ital_supr_l,1
553,239,thai_ckn_m,1
554,240,four_cheese_m,1
555,241,sicilian_m,1
556,241,spinach_supr_l,1
557,242,calabrese_m,1
558,242,thai_ckn_l,1
559,242,veggie_veg_m,1
560,243,classic_dlx_l,1
561,243,spinach_supr_s,1
562,244,ital_supr_s,1
563,244,spicy_ital_l,1
564,245,bbq_ckn_l,1
565,245,ckn_pesto_l,1
566,246,ckn_alfredo_m,1
567,246,pepperoni_l,1
568,247,hawaiian_m,1
569,247,sicilian_m,1
570,247,spinach_supr_s,1
571,248,hawaiian_s,1
572,248,thai_ckn_l,1
573,249,bbq_ckn_l,1
574,249,calabrese_s,1
575,250,four_cheese_m,1
576,251,mexicana_m,1
577,252,prsc_argla_m,1
578,253,brie_carre_s,1
579,254,bbq_ckn_l,1
580,254,brie_carre_s,1
581,254,five_cheese_l,1
582,255,five_cheese_l,1
583,255,green_garden_m,1
584,255,hawaiian_l,1
585,255,spinach_fet_m,1
586,256,pep_msh_pep_l,1
587,257,cali_ckn_l,1
588,257,ckn_alfredo_l,1
589,258,classic_dlx_m,1
590,259,pepperoni_l,1
591,260,five_cheese_l,1
592,260,the_greek_l,1
593,261,brie_carre_s,1
594,262,cali_ckn_m,1
595,263,spin_pesto_l,1
596,264,mexicana_m,1
597,265,ckn_alfredo_m,1
598,265,mexicana_l,1
599,265,sicilian_m,1
600,265,spicy_ital_l,1
601,266,peppr_salami_m,1
602,267,four_cheese_l,1
603,267,mediterraneo_l,1
604,267,napolitana_s,1
605,268,ital_supr_l,1
606,268,pepperoni_s,1
607,269,ckn_alfredo_m,1
608,270,southw_ckn_l,1
609,270,spin_pesto_l,1
610,270,thai_ckn_l,1
611,271,big_meat_s,1
612,271,cali_ckn_m,2
613,271,ckn_alfredo_m,2
614,271,ckn_pesto_l,2
615,271,classic_dlx_m,1
616,271,ital_supr_m,1
617,271,sicilian_s,1
618,271,soppressata_m,1
619,271,southw_ckn_m,1
620,271,the_greek_s,1
621,272,ital_supr_m,1
622,273,soppressata_s,1
623,274,four_cheese_l,1
624,274,thai_ckn_l,1
625,275,classic_dlx_l,1
626,275,five_cheese_l,1
627,275,pepperoni_s,1
628,275,sicilian_m,1
629,276,five_cheese_l,1
630,276,spicy_ital_l,1
631,277,four_cheese_m,1
632,278,ital_veggie_m,1
633,278,southw_ckn_l,1
634,279,cali_ckn_m,1
635,279,ckn_alfredo_m,1
636,280,prsc_argla_m,1
637,280,veggie_veg_m,1
638,281,sicilian_s,1
639,282,classic_dlx_s,1
640,282,five_cheese_l,1
641,282,peppr_salami_l,1
642,282,spin_pesto_l,1
643,283,napolitana_m,1
644,284,four_cheese_m,1
645,284,hawaiian_s,1
646,284,napolitana_m,1
647,285,prsc_argla_l,1
648,286,ital_supr_m,1
649,286,peppr_salami_l,1
650,287,ital_supr_m,1
651,287,pep_msh_pep_m,1
652,287,pepperoni_m,1
653,287,sicilian_s,1
654,288,brie_carre_s,1
655,288,prsc_argla_l,1
656,288,spinach_supr_l,1
657,289,five_cheese_l,1
658,290,classic_dlx_s,1
659,290,veggie_veg_m,1
660,291,bbq_ckn_l,1
661,291,ckn_alfredo_m,2
662,291,four_cheese_m,1
663,292,spin_pesto_m,1
664,292,spinach_fet_l,1
665,293,classic_dlx_s,1
666,293,ital_veggie_s,1
667,294,bbq_ckn_m,1
668,294,ital_supr_l,1
669,294,thai_ckn_l,1
670,295,cali_ckn_m,1
671,296,green_garden_s,1
672,296,ital_cpcllo_s,1
673,296,thai_ckn_m,1
674,297,southw_ckn_m,1
675,298,cali_ckn_m,1
676,298,cali_ckn_s,1
677,298,ckn_alfredo_m,1
678,298,classic_dlx_s,1
679,299,classic_dlx_s,1
680,299,spinach_fet_m,1
681,300,big_meat_s,1
682,300,ital_cpcllo_s,1
683,300,ital_veggie_s,1
684,300,spinach_supr_s,1
685,301,napolitana_l,1
686,302,peppr_salami_l,1
687,303,big_meat_s,1
688,303,ital_cpcllo_m,1
689,303,pepperoni_s,1
690,304,hawaiian_s,1
691,304,mexicana_l,1
692,305,pepperoni_l,1
693,305,sicilian_s,1
694,305,spicy_ital_m,1
695,306,big_meat_s,1
696,306,hawaiian_s,1
697,306,napolitana_m,1
698,307,classic_dlx_l,1
699,307,thai_ckn_m,1
700,308,hawaiian_l,1
701,308,pep_msh_pep_l,1
702,308,thai_ckn_s,1
703,309,five_cheese_l,1
704,309,peppr_salami_m,1
705,310,hawaiian_s,1
706,310,thai_ckn_s,1
707,311,sicilian_l,1
708,312,big_meat_s,1
709,312,brie_carre_s,1
710,312,ckn_alfredo_m,1
711,312,sicilian_m,1
712,313,classic_dlx_m,1
713,314,calabrese_m,1
714,314,five_cheese_l,1
715,314,green_garden_m,1
716,314,hawaiian_m,1
717,314,veggie_veg_m,1
718,315,classic_dlx_m,1
719,316,hawaiian_s,1
720,316,ital_supr_m,1
721,317,cali_ckn_s,1
722,317,classic_dlx_m,1
723,317,four_cheese_l,1
724,317,hawaiian_s,1
725,317,pep_msh_pep_l,1
726,317,prsc_argla_s,1
727,317,spinach_fet_s,1
728,318,ital_cpcllo_l,1
729,318,mexicana_l,1
730,318,soppressata_s,1
731,318,spicy_ital_l,1
732,319,ital_supr_m,1
733,320,cali_ckn_m,1
734,320,ckn_pesto_l,1
735,321,ital_supr_l,1
736,322,cali_ckn_l,1
737,322,ckn_pesto_l,1
738,322,classic_dlx_s,1
739,322,thai_ckn_l,1
740,323,classic_dlx_m,1
741,324,five_cheese_l,1
742,325,classic_dlx_s,1
743,325,veggie_veg_s,1
744,326,cali_ckn_m,1
745,326,spinach_supr_l,1
746,327,classic_dlx_m,1
747,328,mediterraneo_l,1
748,329,spicy_ital_l,1
749,329,spinach_supr_m,1
750,330,big_meat_s,1
751,330,ckn_alfredo_m,1
752,330,classic_dlx_m,1
753,330,classic_dlx_s,1
754,330,five_cheese_l,1
755,330,four_cheese_l,2
756,330,hawaiian_l,1
757,330,pep_msh_pep_l,1
758,330,peppr_salami_s,1
759,330,sicilian_l,1
760,330,spicy_ital_l,1
761,330,spicy_ital_m,1
762,330,spinach_fet_l,1
763,330,the_greek_m,1
764,331,prsc_argla_m,1
765,332,sicilian_m,1
766,332,southw_ckn_l,1
767,332,thai_ckn_m,1
768,333,ckn_alfredo_m,1
769,334,calabrese_l,1
770,334,pepperoni_m,1
771,334,southw_ckn_m,1
772,334,thai_ckn_l,1
773,335,mediterraneo_l,1
774,336,prsc_argla_l,1
775,337,hawaiian_l,1
776,337,pepperoni_l,1
777,338,mexicana_l,1
778,338,thai_ckn_l,1
779,338,the_greek_xl,1
780,339,spicy_ital_m,1
781,340,peppr_salami_s,1
782,341,bbq_ckn_m,1
783,341,pepperoni_s,1
784,342,sicilian_l,1
785,342,southw_ckn_l,1
786,343,five_cheese_l,1
787,343,four_cheese_m,1
788,344,ital_cpcllo_m,1
789,345,peppr_salami_s,1
790,345,spinach_fet_s,1
791,346,green_garden_s,1
792,346,hawaiian_s,1
793,346,ital_cpcllo_l,1
794,346,napolitana_s,1
795,347,spinach_fet_l,1
796,347,thai_ckn_l,1
797,347,veggie_veg_m,1
798,348,classic_dlx_m,1
799,348,thai_ckn_l,1
800,348,thai_ckn_s,1
801,349,pepperoni_l,1
802,350,classic_dlx_l,1
803,350,pepperoni_m,2
804,350,spicy_ital_s,1
805,351,big_meat_s,1
806,351,hawaiian_m,1
807,352,big_meat_s,1
808,352,ital_cpcllo_l,1
809,353,bbq_ckn_l,1
810,353,cali_ckn_l,1
811,353,prsc_argla_s,1
812,354,green_garden_s,1
813,354,veggie_veg_l,1
814,355,ckn_alfredo_m,1
815,355,ital_supr_m,1
816,356,ckn_alfredo_m,1
817,357,cali_ckn_l,1
818,357,southw_ckn_s,1
819,357,spinach_fet_s,1
820,358,ital_supr_m,1
821,359,green_garden_m,1
822,359,thai_ckn_l,1
823,360,bbq_ckn_l,1
824,360,green_garden_s,1
825,360,hawaiian_s,1
826,361,big_meat_s,2
827,361,ital_cpcllo_s,1
828,362,bbq_ckn_m,1
829,362,mexicana_l,1
830,363,mediterraneo_l,1
831,363,mexicana_l,1
832,364,ital_supr_m,1
833,364,the_greek_xl,1
834,365,four_cheese_m,1
835,365,mediterraneo_l,1
836,365,pepperoni_m,1
837,366,ital_cpcllo_l,1
838,367,hawaiian_l,1
839,367,spinach_fet_m,1
840,368,spin_pesto_m,1
841,368,thai_ckn_l,1
842,369,spinach_fet_m,1
843,370,four_cheese_l,1
844,370,hawaiian_s,1
845,371,pepperoni_m,1
846,372,spinach_fet_s,1
847,373,ckn_pesto_s,1
848,373,classic_dlx_m,1
849,373,sicilian_l,1
850,374,big_meat_s,1
851,374,ckn_alfredo_m,1
852,374,peppr_salami_s,1
853,375,mexicana_m,1
854,376,the_greek_xl,1
855,376,veggie_veg_l,1
856,377,hawaiian_m,1
857,377,thai_ckn_l,1
858,378,ital_veggie_s,1
859,379,thai_ckn_l,1
860,380,calabrese_m,1
861,380,cali_ckn_m,1
862,381,southw_ckn_m,1
863,382,thai_ckn_s,1
864,382,veggie_veg_m,1
865,383,spicy_ital_m,1
866,384,hawaiian_s,1
867,384,ital_cpcllo_m,1
868,384,mediterraneo_m,1
869,384,the_greek_s,1
870,385,veggie_veg_l,1
871,386,ital_veggie_s,1
872,386,soppressata_m,1
873,386,thai_ckn_m,1
874,387,bbq_ckn_s,1
875,387,big_meat_s,1
876,387,ckn_pesto_m,1
877,387,five_cheese_l,1
878,387,pepperoni_s,1
879,387,spicy_ital_l,1
880,387,spinach_fet_s,1
881,388,bbq_ckn_s,1
882,388,ckn_alfredo_m,1
883,388,mediterraneo_m,1
884,388,veggie_veg_s,1
885,389,spin_pesto_l,1
886,390,pep_msh_pep_l,1
887,391,the_greek_m,1
888,392,big_meat_s,1
889,392,calabrese_s,1
890,392,cali_ckn_l,1
891,392,pepperoni_s,2
892,392,prsc_argla_l,1
893,392,sicilian_l,1
894,392,soppressata_l,1
895,392,spicy_ital_l,1
896,393,green_garden_s,1
897,393,hawaiian_l,1
898,394,big_meat_s,1
899,394,ckn_pesto_s,1
900,394,hawaiian_l,1
901,394,hawaiian_s,1
902,394,pep_msh_pep_l,1
903,394,pepperoni_m,3
904,394,pepperoni_s,1
905,394,sicilian_l,1
906,394,spicy_ital_l,1
907,394,spin_pesto_s,1
908,394,thai_ckn_l,1
909,394,veggie_veg_s,1
910,395,napolitana_m,1
911,396,spinach_fet_s,1
912,397,five_cheese_l,2
913,397,hawaiian_l,1
914,397,pepperoni_m,1
915,398,pepperoni_s,1
916,399,bbq_ckn_m,1
917,399,cali_ckn_l,1
918,399,four_cheese_m,1
919,399,the_greek_m,1
920,400,pepperoni_m,1
921,400,thai_ckn_l,1
922,401,veggie_veg_m,1
923,402,four_cheese_l,1
924,402,ital_supr_m,1
925,403,bbq_ckn_s,1
926,403,classic_dlx_l,1
927,403,prsc_argla_s,1
928,404,ckn_pesto_l,1
929,405,sicilian_l,1
930,406,ckn_alfredo_m,1
931,406,classic_dlx_m,1
932,406,ital_veggie_s,1
933,407,cali_ckn_m,1
934,407,classic_dlx_l,1
935,407,pepperoni_m,1
936,408,brie_carre_s,1
937,408,peppr_salami_m,1
938,409,pepperoni_l,1
939,410,big_meat_s,2
940,410,mediterraneo_m,1
941,410,the_greek_xl,1
942,411,ital_supr_m,1
943,411,southw_ckn_l,1
944,412,brie_carre_s,1
945,412,spinach_supr_m,1
946,413,the_greek_s,1
947,414,classic_dlx_s,1
948,414,five_cheese_l,1
949,414,ital_supr_m,1
950,415,cali_ckn_s,1
951,416,spinach_fet_l,1
952,417,pepperoni_s,1
953,418,ckn_pesto_m,1
954,418,sicilian_m,1
955,419,bbq_ckn_l,1
956,419,hawaiian_l,1
957,419,ital_veggie_m,1
958,419,veggie_veg_s,1
959,420,five_cheese_l,1
960,420,pep_msh_pep_s,1
961,421,bbq_ckn_l,1
962,421,calabrese_l,1
963,421,ckn_pesto_s,1
964,422,four_cheese_l,1
965,422,ital_supr_m,1
966,422,spinach_fet_m,1
967,423,ital_supr_l,1
968,423,sicilian_s,1
969,424,pepperoni_m,1
970,425,soppressata_m,1
971,426,classic_dlx_m,1
972,426,sicilian_s,1
973,426,soppressata_m,1
974,427,spinach_fet_l,1
975,428,calabrese_l,1
976,428,ital_cpcllo_s,1
977,429,spicy_ital_m,1
978,430,green_garden_m,1
979,430,sicilian_s,1
980,431,big_meat_s,1
981,431,ckn_alfredo_s,1
982,431,four_cheese_l,1
983,431,hawaiian_l,1
984,432,ital_cpcllo_s,1
985,432,thai_ckn_l,1
986,432,veggie_veg_s,1
987,433,spicy_ital_l,1
988,434,napolitana_m,1
989,434,spicy_ital_l,1
990,434,veggie_veg_l,1
991,435,classic_dlx_m,1
992,435,pep_msh_pep_m,1
993,435,spinach_supr_s,1
994,436,classic_dlx_l,1
995,436,ital_supr_m,1
996,436,pep_msh_pep_s,1
997,436,peppr_salami_s,1
998,437,bbq_ckn_m,1
999,438,veggie_veg_m,1
1000,439,ckn_alfredo_m,1
1001,439,pepperoni_m,1
1002,439,the_greek_s,1
1003,440,calabrese_m,1
1004,440,ckn_alfredo_m,1
1005,440,five_cheese_l,1
1006,440,four_cheese_l,1
1007,440,four_cheese_m,1
1008,440,green_garden_l,1
1009,440,green_garden_m,1
1010,440,hawaiian_l,1
1011,440,ital_veggie_l,1
1012,440,pepperoni_l,1
1013,440,spicy_ital_l,1
1014,440,spinach_fet_s,1
1015,440,thai_ckn_l,1
1016,440,veggie_veg_m,1
1017,441,spicy_ital_l,1
1018,441,thai_ckn_l,1
1019,442,peppr_salami_l,1
1020,443,big_meat_s,1
1021,443,cali_ckn_m,2
1022,443,four_cheese_l,1
1023,443,ital_cpcllo_m,1
1024,443,ital_veggie_m,1
1025,443,mexicana_l,1
1026,443,pepperoni_l,1
1027,443,sicilian_l,1
1028,443,sicilian_m,1
1029,443,southw_ckn_m,1
1030,443,spicy_ital_l,1
1031,443,spicy_ital_s,1
1032,443,spinach_supr_m,1
1033,443,thai_ckn_m,1
1034,444,four_cheese_m,1
1035,445,hawaiian_l,1
1036,446,big_meat_s,1
1037,446,ital_veggie_m,1
1038,446,sicilian_l,1
1039,447,five_cheese_l,1
1040,448,hawaiian_s,1
1041,448,pep_msh_pep_m,1
1042,448,sicilian_m,1
1043,449,thai_ckn_l,1
1044,450,big_meat_s,1
1045,451,five_cheese_l,1
1046,451,ital_cpcllo_m,1
1047,451,southw_ckn_l,1
1048,452,bbq_ckn_m,1
1049,452,big_meat_s,1
1050,452,sicilian_m,1
1051,453,cali_ckn_s,1
1052,453,four_cheese_l,1
1053,453,sicilian_m,1
1054,453,thai_ckn_l,1
1055,454,spicy_ital_m,1
1056,455,ital_supr_l,1
1057,456,spinach_fet_l,1
1058,457,cali_ckn_l,1
1059,457,ckn_alfredo_m,1
1060,457,classic_dlx_m,1
1061,458,prsc_argla_m,1
1062,458,spinach_supr_m,1
1063,458,the_greek_s,1
1064,459,spicy_ital_l,1
1065,460,green_garden_s,1
1066,460,ital_supr_m,1
1067,461,cali_ckn_m,1
1068,461,hawaiian_s,1
1069,462,spinach_fet_s,1
1070,463,bbq_ckn_l,1
1071,463,prsc_argla_m,1
1072,464,bbq_ckn_l,1
1073,464,calabrese_m,1
1074,465,napolitana_s,1
1075,466,spinach_fet_l,1
1076,466,the_greek_xl,1
1077,467,prsc_argla_s,1
1078,468,four_cheese_l,1
1079,468,pepperoni_l,1
1080,469,bbq_ckn_m,1
1081,469,sicilian_s,1
1082,470,veggie_veg_s,1
1083,471,ital_veggie_s,1
1084,472,ital_veggie_l,1
1085,472,ital_veggie_m,1
1086,473,hawaiian_l,1
1087,473,prsc_argla_m,1
1088,473,southw_ckn_m,1
1089,474,green_garden_s,1
1090,474,pepperoni_s,1
1091,475,big_meat_s,1
1092,475,thai_ckn_l,1
1093,476,pepperoni_m,1
1094,476,prsc_argla_l,1
1095,476,veggie_veg_m,1
1096,477,green_garden_m,1
1097,477,mexicana_m,1
1098,478,calabrese_m,1
1099,478,ckn_alfredo_m,1
1100,479,five_cheese_l,1
1101,479,ital_cpcllo_l,2
1102,480,pepperoni_m,1
1103,481,pepperoni_s,1
1104,481,spinach_fet_s,1
1105,482,green_garden_l,1
1106,482,ital_supr_m,1
1107,482,spicy_ital_s,1
1108,483,bbq_ckn_l,1
1109,483,napolitana_s,1
1110,483,pep_msh_pep_s,1
1111,483,spicy_ital_m,1
1112,484,four_cheese_l,1
1113,484,mexicana_l,1
1114,485,cali_ckn_m,1
1115,486,spinach_supr_s,1
1116,487,hawaiian_s,1
1117,487,sicilian_l,1
1118,487,spinach_fet_l,1
1119,488,veggie_veg_m,1
1120,489,peppr_salami_l,1
1121,490,big_meat_s,1
1122,490,classic_dlx_m,1
1123,490,napolitana_m,1
1124,491,napolitana_s,1
1125,491,pepperoni_l,1
1126,491,peppr_salami_l,1
1127,491,prsc_argla_m,1
1128,492,ckn_pesto_l,1
1129,492,sicilian_m,1
1130,492,spinach_fet_m,1
1131,493,ital_supr_l,1
1132,494,five_cheese_l,1
1133,494,four_cheese_l,1
1134,494,mexicana_l,1
1135,494,southw_ckn_l,1
1136,495,ital_supr_m,1
1137,495,sicilian_l,1
1138,496,hawaiian_l,1
1139,496,soppressata_s,1
1140,497,veggie_veg_s,1
1141,498,ital_supr_m,1
1142,499,calabrese_s,1
1143,499,four_cheese_l,1
1144,499,mexicana_m,1
1145,499,pep_msh_pep_m,1
1146,500,mediterraneo_m,1
1147,501,cali_ckn_s,1
1148,501,hawaiian_s,1
1149,501,southw_ckn_l,1
1150,502,ital_veggie_m,1
1151,503,pepperoni_l,1
1152,503,sicilian_m,1
1153,504,the_greek_l,1
1154,505,pepperoni_m,1
1155,505,the_greek_xl,1
1156,506,spinach_fet_m,1
1157,507,ckn_pesto_s,1
1158,508,cali_ckn_m,1
1159,508,cali_ckn_s,1
1160,508,pepperoni_m,1
1161,509,spicy_ital_l,1
1162,510,classic_dlx_m,1
1163,510,classic_dlx_s,1
1164,510,ital_supr_l,1
1165,510,spicy_ital_l,1
1166,511,five_cheese_l,1
1167,512,ital_veggie_m,1
1168,513,four_cheese_l,1
1169,513,ital_veggie_m,1
1170,513,pepperoni_l,1
1171,513,thai_ckn_l,1
1172,514,classic_dlx_s,1
1173,515,ckn_pesto_l,1
1174,515,mediterraneo_l,1
1175,516,napolitana_l,1
1176,516,veggie_veg_l,1
1177,517,mexicana_m,1
1178,518,big_meat_s,1
1179,518,prsc_argla_l,1
1180,518,sicilian_s,1
1181,519,prsc_argla_s,1
1182,520,spin_pesto_l,1
1183,521,thai_ckn_s,1
1184,522,bbq_ckn_s,1
1185,522,big_meat_s,1
1186,522,classic_dlx_s,1
1187,522,five_cheese_l,1
1188,522,four_cheese_l,2
1189,522,green_garden_s,1
1190,522,ital_cpcllo_m,2
1191,522,ital_veggie_l,1
1192,522,sicilian_l,1
1193,522,the_greek_l,1
1194,522,the_greek_m,1
1195,523,prsc_argla_m,1
1196,524,sicilian_s,1
1197,524,thai_ckn_m,1
1198,525,pepperoni_l,1
1199,526,cali_ckn_l,1
1200,526,five_cheese_l,1
1201,527,four_cheese_l,1
1202,527,southw_ckn_l,1
1203,528,ital_cpcllo_m,1
1204,529,calabrese_m,1
1205,529,cali_ckn_m,2
1206,529,hawaiian_s,1
1207,530,classic_dlx_l,1
1208,530,ital_supr_m,1
1209,531,peppr_salami_m,2
1210,532,peppr_salami_l,1
1211,532,soppressata_s,1
1212,533,five_cheese_l,1
1213,533,spicy_ital_l,1
1214,533,the_greek_xl,1
1215,534,prsc_argla_l,1
1216,534,southw_ckn_l,1
1217,535,classic_dlx_m,1
1218,536,brie_carre_s,1
1219,536,peppr_salami_l,1
1220,537,classic_dlx_s,1
1221,537,hawaiian_s,1
1222,537,ital_supr_l,1
1223,538,spinach_supr_l,1
1224,539,five_cheese_l,1
1225,539,ital_veggie_l,1
1226,539,spinach_fet_m,1
1227,540,spinach_supr_l,1
1228,541,big_meat_s,1
1229,542,bbq_ckn_l,1
1230,542,prsc_argla_m,1
1231,543,ckn_pesto_l,1
1232,543,classic_dlx_m,1
1233,543,mediterraneo_m,1
1234,544,napolitana_m,1
1235,544,sicilian_m,1
1236,545,pepperoni_l,1
1237,545,pepperoni_s,1
1238,545,peppr_salami_l,1
1239,545,soppressata_l,1
1240,546,green_garden_s,1
1241,547,big_meat_s,1
1242,548,hawaiian_l,1
1243,549,big_meat_s,1
1244,549,thai_ckn_l,1
1245,550,spinach_fet_m,1
1246,550,the_greek_m,1
1247,551,four_cheese_l,1
1248,551,soppressata_m,1
1249,551,thai_ckn_l,1
1250,551,the_greek_m,1
1251,552,ckn_alfredo_m,1
1252,552,green_garden_s,1
1253,552,ital_supr_l,1
1254,553,mexicana_l,1
1255,554,ckn_alfredo_m,1
1256,554,green_garden_s,1
1257,555,bbq_ckn_s,1
1258,555,hawaiian_s,1
1259,556,four_cheese_l,1
1260,556,the_greek_xl,1
1261,557,sicilian_s,1
1262,557,spicy_ital_s,1
1263,558,hawaiian_m,1
1264,559,classic_dlx_s,1
1265,560,green_garden_m,1
1266,560,spicy_ital_m,1
1267,561,spinach_supr_s,1
1268,562,ckn_alfredo_m,1
1269,563,mexicana_l,1
1270,563,veggie_veg_s,1
1271,564,mediterraneo_s,1
1272,564,pepperoni_m,1
1273,564,spinach_supr_l,1
1274,565,ital_veggie_s,1
1275,566,spinach_supr_l,1
1276,567,bbq_ckn_l,1
1277,567,five_cheese_l,2
1278,567,four_cheese_m,1
1279,567,pepperoni_m,1
1280,567,sicilian_m,1
1281,567,sicilian_s,1
1282,567,soppressata_l,1
1283,567,spicy_ital_l,1
1284,567,spinach_supr_m,1
1285,567,thai_ckn_s,1
1286,568,mexicana_l,1
1287,569,bbq_ckn_s,1
1288,569,ckn_alfredo_m,1
1289,569,classic_dlx_s,1
1290,570,green_garden_m,1
1291,570,southw_ckn_l,1
1292,571,big_meat_s,1
1293,572,southw_ckn_m,1
1294,573,classic_dlx_m,1
1295,573,five_cheese_l,1
1296,574,ital_veggie_m,1
1297,575,classic_dlx_l,1
1298,575,napolitana_l,1
1299,575,pepperoni_l,1
1300,575,spinach_fet_m,1
1301,576,big_meat_s,1
1302,576,ckn_alfredo_m,1
1303,576,spinach_fet_s,1
1304,577,spinach_fet_m,1
1305,577,veggie_veg_l,1
1306,578,bbq_ckn_s,1
1307,578,calabrese_m,1
1308,578,pepperoni_l,1
1309,578,peppr_salami_m,1
1310,578,the_greek_xl,1
1311,579,green_garden_s,1
1312,580,hawaiian_m,1
1313,580,southw_ckn_m,1
1314,581,mexicana_l,1
1315,582,mediterraneo_l,1
1316,583,ital_supr_l,1
1317,584,sicilian_s,1
1318,584,soppressata_s,1
1319,585,brie_carre_s,1
1320,585,mexicana_l,1
1321,586,ital_cpcllo_m,1
1322,586,southw_ckn_m,1
1323,587,peppr_salami_l,1
1324,587,peppr_salami_s,1
1325,588,cali_ckn_s,1
1326,589,ital_supr_s,1
1327,589,mediterraneo_m,1
1328,589,veggie_veg_s,1
1329,590,five_cheese_l,1
1330,591,four_cheese_l,1
1331,591,southw_ckn_s,1
1332,591,spin_pesto_l,1
1333,592,ital_veggie_s,1
1334,592,pep_msh_pep_m,1
1335,592,thai_ckn_l,1
1336,593,cali_ckn_l,1
1337,593,spicy_ital_l,1
1338,594,calabrese_l,1
1339,595,classic_dlx_l,1
1340,595,prsc_argla_m,1
1341,596,pep_msh_pep_s,1
1342,596,soppressata_s,1
1343,597,cali_ckn_l,1
1344,597,prsc_argla_m,1
1345,597,spicy_ital_m,1
1346,598,prsc_argla_l,1
1347,599,peppr_salami_l,1
1348,600,classic_dlx_s,1
1349,600,four_cheese_l,1
1350,600,mediterraneo_m,1
1351,600,mexicana_m,1
1352,601,bbq_ckn_l,1
1353,601,classic_dlx_s,1
1354,601,spin_pesto_m,1
1355,602,peppr_salami_l,1
1356,603,mexicana_m,1
1357,604,soppressata_s,1
1358,604,spinach_supr_m,1
1359,605,pepperoni_m,1
1360,605,the_greek_xl,1
1361,606,pepperoni_l,1
1362,607,bbq_ckn_m,1
1363,607,ital_supr_m,1
1364,607,spinach_supr_l,1
1365,608,hawaiian_l,1
1366,608,pepperoni_m,1
1367,608,thai_ckn_l,1
1368,608,thai_ckn_s,1
1369,609,four_cheese_l,1
1370,610,big_meat_s,1
1371,610,pepperoni_l,1
1372,611,five_cheese_l,1
1373,611,mexicana_s,1
1374,611,southw_ckn_m,1
1375,611,the_greek_xl,1
1376,612,big_meat_s,1
1377,612,ital_supr_l,1
1378,612,mexicana_l,1
1379,612,soppressata_s,1
1380,613,napolitana_s,1
1381,614,peppr_salami_l,1
1382,615,cali_ckn_l,1
1383,615,pep_msh_pep_m,1
1384,616,prsc_argla_l,1
1385,616,veggie_veg_m,1
1386,617,ckn_pesto_l,1
1387,617,southw_ckn_m,1
1388,618,prsc_argla_m,1
1389,618,spin_pesto_m,1
1390,619,ital_cpcllo_l,1
1391,620,bbq_ckn_l,1
1392,620,cali_ckn_m,1
1393,620,peppr_salami_m,1
1394,620,the_greek_s,1
1395,621,calabrese_m,1
1396,621,four_cheese_l,1
1397,621,mexicana_l,1
1398,621,spicy_ital_l,1
1399,622,ital_supr_m,1
1400,622,spicy_ital_l,1
1401,623,cali_ckn_l,1
1402,623,hawaiian_l,1
1403,624,cali_ckn_m,1
1404,624,veggie_veg_m,1
1405,625,spinach_fet_l,1
1406,625,spinach_supr_m,1
1407,626,classic_dlx_m,1
1408,626,four_cheese_m,1
1409,627,the_greek_l,1
1410,627,the_greek_m,1
1411,628,classic_dlx_l,1
1412,628,ital_veggie_s,1
1413,628,the_greek_s,1
1414,628,veggie_veg_s,1
1415,629,calabrese_m,1
1416,629,five_cheese_l,1
1417,629,pep_msh_pep_m,1
1418,629,spin_pesto_l,1
1419,630,sicilian_s,1
1420,631,pepperoni_l,1
1421,632,classic_dlx_s,1
1422,633,mediterraneo_l,1
1423,633,pepperoni_l,1
1424,633,peppr_salami_l,1
1425,634,pepperoni_l,1
1426,635,calabrese_l,1
1427,635,cali_ckn_s,2
1428,635,hawaiian_s,1
1429,635,mexicana_l,1
1430,635,pepperoni_m,1
1431,635,pepperoni_s,1
1432,635,peppr_salami_s,1
1433,635,sicilian_s,1
1434,635,spinach_fet_l,1
1435,635,spinach_fet_s,1
1436,636,classic_dlx_m,1
1437,637,the_greek_l,1
1438,637,veggie_veg_m,1
1439,638,mexicana_l,1
1440,639,pep_msh_pep_m,1
1441,640,cali_ckn_s,1
1442,640,ckn_pesto_l,1
1443,640,napolitana_s,1
1444,641,pepperoni_m,1
1445,641,southw_ckn_l,1
1446,641,spin_pesto_m,1
1447,641,spinach_fet_s,1
1448,642,calabrese_m,1
1449,642,cali_ckn_l,1
1450,642,ital_supr_l,1
1451,642,soppressata_l,1
1452,643,spinach_fet_m,1
1453,644,ital_supr_l,1
1454,644,peppr_salami_m,1
1455,645,bbq_ckn_m,1
1456,645,big_meat_s,1
1457,646,hawaiian_s,1
1458,646,thai_ckn_l,1
1459,647,hawaiian_s,1
1460,648,four_cheese_l,1
1461,648,pepperoni_m,1
1462,649,cali_ckn_s,1
1463,649,pepperoni_m,1
1464,649,peppr_salami_m,1
1465,649,sicilian_s,1
1466,650,pepperoni_m,1
1467,651,bbq_ckn_s,1
1468,651,calabrese_m,1
1469,651,pepperoni_m,1
1470,652,big_meat_s,1
1471,652,ckn_alfredo_m,1
1472,652,ckn_pesto_s,1
1473,652,prsc_argla_s,1
1474,653,thai_ckn_s,1
1475,654,mexicana_l,1
1476,654,sicilian_l,1
1477,654,spin_pesto_m,1
1478,655,ital_supr_m,1
1479,656,thai_ckn_l,1
1480,656,veggie_veg_l,1
1481,657,bbq_ckn_m,1
1482,657,classic_dlx_m,1
1483,658,napolitana_m,1
1484,658,peppr_salami_s,1
1485,658,veggie_veg_m,1
1486,659,ital_supr_m,1
1487,659,sicilian_l,1
1488,660,bbq_ckn_s,1
1489,660,ital_supr_m,1
1490,661,napolitana_s,1
1491,662,bbq_ckn_l,1
1492,662,prsc_argla_s,1
1493,663,four_cheese_l,1
1494,664,calabrese_m,1
1495,664,ital_supr_l,1
1496,664,pepperoni_l,1
1497,665,bbq_ckn_m,1
1498,665,mediterraneo_s,1
1499,666,hawaiian_l,1
1500,667,big_meat_s,1
1501,667,pepperoni_s,1
1502,668,ital_supr_m,1
1503,668,mexicana_l,1
1504,668,peppr_salami_l,1
1505,668,spicy_ital_m,1
1506,669,ital_cpcllo_l,1
1507,669,mexicana_l,1
1508,670,ital_cpcllo_s,1
1509,670,soppressata_m,1
1510,671,ckn_pesto_s,1
1511,672,green_garden_m,1
1512,672,spicy_ital_l,1
1513,673,soppressata_l,1
1514,673,thai_ckn_m,1
1515,674,ckn_pesto_m,1
1516,674,mexicana_l,1
1517,674,prsc_argla_s,1
1518,674,spinach_fet_m,1
1519,675,napolitana_l,1
1520,676,mexicana_l,1
1521,676,veggie_veg_m,1
1522,677,peppr_salami_l,1
1523,678,mexicana_s,1
1524,678,napolitana_m,1
1525,678,spicy_ital_m,2
1526,679,brie_carre_s,1
1527,679,four_cheese_m,1
1528,679,ital_supr_l,1
1529,679,mediterraneo_l,1
1530,680,ckn_pesto_s,1
1531,680,sicilian_m,1
1532,681,peppr_salami_l,1
1533,682,ital_supr_l,1
1534,683,ckn_pesto_l,1
1535,683,ital_veggie_s,1
1536,683,peppr_salami_m,1
1537,684,four_cheese_l,1
1538,685,soppressata_l,1
1539,686,big_meat_s,1
1540,687,ital_veggie_m,1
1541,688,spicy_ital_l,1
1542,688,spinach_supr_m,1
1543,689,thai_ckn_l,1
1544,689,thai_ckn_m,1
1545,690,pepperoni_m,1
1546,691,bbq_ckn_l,1
1547,692,cali_ckn_m,1
1548,692,ital_veggie_m,1
1549,693,bbq_ckn_l,1
1550,693,big_meat_s,1
1551,693,green_garden_m,1
1552,693,ital_cpcllo_s,1
1553,694,ital_veggie_l,1
1554,694,pep_msh_pep_m,1
1555,694,pepperoni_l,1
1556,695,southw_ckn_s,1
1557,696,prsc_argla_m,1
1558,696,spicy_ital_s,1
1559,697,classic_dlx_m,1
1560,697,spin_pesto_s,1
1561,698,big_meat_s,1
1562,698,pep_msh_pep_l,1
1563,698,thai_ckn_l,1
1564,699,pepperoni_s,1
1565,700,brie_carre_s,1
1566,700,ckn_pesto_s,1
1567,700,ital_cpcllo_l,1
1568,700,peppr_salami_s,1
1569,700,sicilian_s,1
1570,701,hawaiian_s,1
1571,701,prsc_argla_s,1
1572,702,bbq_ckn_s,1
1573,702,sicilian_s,1
1574,703,peppr_salami_s,1
1575,704,calabrese_m,1
1576,704,mediterraneo_l,1
1577,705,green_garden_s,1
1578,705,ital_supr_m,1
1579,705,southw_ckn_m,1
1580,706,cali_ckn_s,1
1581,706,napolitana_l,1
1582,707,bbq_ckn_m,1
1583,707,peppr_salami_l,1
1584,707,southw_ckn_l,1
1585,708,four_cheese_l,1
1586,709,bbq_ckn_s,1
1587,710,hawaiian_l,1
1588,710,southw_ckn_l,1
1589,710,the_greek_s,1
1590,710,the_greek_xl,1
1591,711,ckn_alfredo_m,1
1592,711,mexicana_l,1
1593,711,pep_msh_pep_m,1
1594,711,sicilian_l,1
1595,712,ital_veggie_l,1
1596,713,five_cheese_l,1
1597,713,mediterraneo_s,1
1598,714,classic_dlx_m,1
1599,714,hawaiian_l,1
1600,714,hawaiian_s,1
1601,714,ital_cpcllo_l,1
1602,715,pepperoni_m,1
1603,715,peppr_salami_m,1
1604,715,spinach_fet_m,1
1605,716,big_meat_s,1
1606,717,bbq_ckn_m,1
1607,717,southw_ckn_l,1
1608,718,cali_ckn_m,1
1609,718,southw_ckn_l,1
1610,719,bbq_ckn_l,1
1611,719,mexicana_s,1
1612,720,green_garden_m,1
1613,720,napolitana_l,1
1614,720,pep_msh_pep_m,1
1615,720,sicilian_m,1
1616,721,classic_dlx_s,1
1617,721,spicy_ital_l,1
1618,722,napolitana_l,1
1619,722,spin_pesto_s,1
1620,723,bbq_ckn_l,1
1621,723,pepperoni_s,1
1622,724,big_meat_s,1
1623,724,green_garden_m,1
1624,724,southw_ckn_l,2
1625,725,big_meat_s,1
1626,725,mexicana_s,1
1627,725,thai_ckn_l,1
1628,725,the_greek_xl,1
1629,726,sicilian_s,1
1630,727,sicilian_s,1
1631,728,southw_ckn_m,1
1632,728,thai_ckn_s,1
1633,728,the_greek_m,1
1634,729,classic_dlx_m,1
1635,729,hawaiian_l,1
1636,729,sicilian_s,1
1637,730,ital_supr_m,1
1638,731,sicilian_m,1
1639,731,veggie_veg_s,1
1640,732,spinach_fet_l,1
1641,733,cali_ckn_s,1
1642,733,ital_cpcllo_l,1
1643,733,pepperoni_s,1
1644,733,thai_ckn_l,1
1645,734,pepperoni_s,1
1646,735,ckn_pesto_s,1
1647,735,pep_msh_pep_m,1
1648,735,pep_msh_pep_s,1
1649,736,five_cheese_l,1
1650,736,veggie_veg_s,1
1651,737,bbq_ckn_m,1
1652,737,thai_ckn_m,1
1653,738,southw_ckn_m,1
1654,739,big_meat_s,1
1655,740,cali_ckn_m,1
1656,740,ckn_pesto_l,1
1657,740,five_cheese_l,2
1658,740,four_cheese_l,1
1659,740,ital_cpcllo_l,2
1660,740,ital_supr_m,1
1661,740,napolitana_l,1
1662,740,prsc_argla_m,1
1663,740,sicilian_l,1
1664,740,spinach_fet_l,1
1665,740,spinach_fet_m,1
1666,740,spinach_fet_s,1
1667,740,the_greek_xl,1
1668,741,napolitana_m,1
1669,742,bbq_ckn_l,1
1670,743,napolitana_l,1
1671,744,peppr_salami_m,1
1672,745,bbq_ckn_l,1
1673,745,cali_ckn_m,1
1674,745,classic_dlx_m,1
1675,745,four_cheese_m,1
1676,745,mediterraneo_m,1
1677,745,napolitana_l,1
1678,745,the_greek_m,1
1679,746,spicy_ital_l,1
1680,746,veggie_veg_m,1
1681,747,mexicana_l,1
1682,747,sicilian_s,1
1683,747,spicy_ital_l,1
1684,748,five_cheese_l,1
1685,749,pepperoni_m,1
1686,750,pep_msh_pep_m,1
1687,751,calabrese_l,1
1688,751,hawaiian_s,1
1689,751,napolitana_s,1
1690,751,veggie_veg_m,1
1691,752,hawaiian_s,1
1692,752,soppressata_s,1
1693,753,green_garden_s,1
1694,753,hawaiian_s,1
1695,753,ital_supr_m,1
1696,753,prsc_argla_l,1
1697,754,pep_msh_pep_m,1
1698,754,southw_ckn_l,1
1699,755,bbq_ckn_m,1
1700,755,four_cheese_m,1
1701,756,ckn_pesto_s,1
1702,756,spin_pesto_m,1
1703,756,veggie_veg_s,1
1704,757,napolitana_l,1
1705,757,pepperoni_m,1
1706,757,spicy_ital_l,1
1707,757,veggie_veg_m,1
1708,758,four_cheese_m,1
1709,758,prsc_argla_s,1
1710,759,calabrese_l,1
1711,760,cali_ckn_s,1
1712,761,sicilian_s,1
1713,761,soppressata_m,1
1714,762,ital_cpcllo_l,1
1715,762,soppressata_l,1
1716,762,thai_ckn_l,1
1717,762,the_greek_xl,1
1718,763,classic_dlx_m,1
1719,764,ital_supr_m,1
1720,764,the_greek_xl,1
1721,765,cali_ckn_s,1
1722,765,ital_cpcllo_l,1
1723,765,peppr_salami_s,1
1724,765,sicilian_s,1
1725,766,ital_veggie_s,1
1726,766,mexicana_m,1
1727,766,southw_ckn_l,1
1728,767,classic_dlx_l,1
1729,768,brie_carre_s,1
1730,769,four_cheese_m,1
1731,770,peppr_salami_l,1
1732,770,sicilian_s,1
1733,771,cali_ckn_m,1
1734,771,sicilian_s,1
1735,772,ital_veggie_m,1
1736,773,classic_dlx_m,1
1737,773,pep_msh_pep_l,1
1738,774,ckn_pesto_l,1
1739,774,spinach_fet_s,1
1740,775,bbq_ckn_l,1
1741,775,five_cheese_l,1
1742,775,pep_msh_pep_s,1
1743,775,prsc_argla_m,1
1744,776,spinach_fet_s,1
1745,776,thai_ckn_l,2
1746,777,bbq_ckn_l,1
1747,777,the_greek_m,1
1748,778,four_cheese_m,1
1749,778,ital_supr_m,1
1750,778,prsc_argla_m,1
1751,778,southw_ckn_m,1
1752,779,classic_dlx_m,1
1753,779,ital_cpcllo_m,1
1754,779,ital_supr_l,1
1755,779,ital_supr_m,1
1756,780,big_meat_s,1
1757,780,ital_cpcllo_l,1
1758,781,ital_cpcllo_l,1
1759,781,southw_ckn_l,1
1760,781,southw_ckn_m,1
1761,781,veggie_veg_l,1
1762,782,calabrese_l,1
1763,782,thai_ckn_l,1
1764,783,spinach_fet_m,1
1765,783,thai_ckn_l,1
1766,783,veggie_veg_m,1
1767,784,napolitana_m,1
1768,785,hawaiian_l,1
1769,785,southw_ckn_l,1
1770,786,five_cheese_l,1
1771,787,cali_ckn_m,1
1772,787,spicy_ital_l,1
1773,788,sicilian_s,1
1774,789,spinach_fet_l,1
1775,790,five_cheese_l,1
1776,790,spinach_supr_l,1
1777,791,pepperoni_s,1
1778,791,thai_ckn_m,1
1779,792,ckn_alfredo_m,1
1780,792,four_cheese_l,1
1781,792,ital_veggie_m,1
1782,792,mexicana_l,1
1783,792,prsc_argla_s,1
1784,792,spin_pesto_l,2
1785,792,veggie_veg_m,1
1786,793,prsc_argla_l,1
1787,794,napolitana_m,1
1788,795,five_cheese_l,1
1789,796,mexicana_m,1
1790,797,peppr_salami_m,1
1791,797,prsc_argla_m,1
1792,797,veggie_veg_m,1
1793,798,five_cheese_l,1
1794,798,green_garden_s,1
1795,798,soppressata_s,1
1796,798,spinach_fet_m,1
1797,799,ital_supr_m,1
1798,799,pep_msh_pep_s,1
1799,799,thai_ckn_m,1
1800,800,calabrese_l,2
1801,800,hawaiian_s,1
1802,800,ital_veggie_s,1
1803,800,napolitana_s,1
1804,800,southw_ckn_s,2
1805,800,spicy_ital_l,1
1806,801,bbq_ckn_m,1
1807,801,classic_dlx_l,1
1808,801,classic_dlx_s,1
1809,801,ital_supr_m,1
1810,801,napolitana_l,1
1811,801,sicilian_l,1
1812,801,sicilian_s,2
1813,801,southw_ckn_l,1
1814,801,southw_ckn_s,1
1815,801,spin_pesto_l,1
1816,801,spinach_supr_l,1
1817,801,thai_ckn_l,1
1818,802,ckn_alfredo_s,1
1819,802,hawaiian_s,1
1820,803,ital_supr_m,1
1821,804,prsc_argla_s,1
1822,805,big_meat_s,1
1823,805,four_cheese_m,1
1824,806,bbq_ckn_l,1
1825,807,big_meat_s,1
1826,808,peppr_salami_l,2
1827,809,hawaiian_s,1
1828,810,ital_veggie_m,1
1829,811,veggie_veg_m,1
1830,812,calabrese_s,1
1831,812,pep_msh_pep_m,1
1832,813,cali_ckn_s,1
1833,813,southw_ckn_l,1
1834,814,classic_dlx_s,1
1835,814,veggie_veg_l,1
1836,815,napolitana_l,1
1837,816,southw_ckn_l,1
1838,816,veggie_veg_l,1
1839,817,classic_dlx_s,1
1840,817,pepperoni_m,1
1841,817,southw_ckn_l,1
1842,817,thai_ckn_l,1
1843,818,pep_msh_pep_s,1
1844,818,sicilian_l,1
1845,818,sicilian_s,1
1846,819,bbq_ckn_m,1
1847,819,sicilian_s,1
1848,820,southw_ckn_l,1
1849,820,spinach_supr_l,1
1850,821,five_cheese_l,1
1851,822,the_greek_xl,1
1852,823,bbq_ckn_m,1
1853,823,cali_ckn_m,1
1854,823,the_greek_l,1
1855,824,cali_ckn_l,1
1856,824,classic_dlx_l,1
1857,824,ital_supr_s,1
1858,824,sicilian_l,1
1859,825,five_cheese_l,1
1860,825,sicilian_s,1
1861,826,ckn_pesto_l,1
1862,826,ital_supr_l,1
1863,826,pepperoni_l,1
1864,827,ckn_alfredo_m,1
1865,827,napolitana_l,1
1866,828,ckn_pesto_l,1
1867,828,peppr_salami_l,1
1868,829,napolitana_m,1
1869,829,peppr_salami_m,1
1870,829,spicy_ital_s,1
1871,829,spinach_supr_s,1
1872,830,hawaiian_m,1
1873,830,ital_supr_m,1
1874,830,pepperoni_m,1
1875,831,calabrese_l,1
1876,831,ckn_pesto_l,1
1877,831,ckn_pesto_m,1
1878,831,classic_dlx_m,1
1879,832,hawaiian_l,1
1880,833,big_meat_s,1
1881,833,napolitana_s,1
1882,834,ckn_pesto_l,1
1883,834,pepperoni_s,1
1884,834,prsc_argla_s,1
1885,834,spinach_fet_l,1
1886,835,bbq_ckn_l,1
1887,835,bbq_ckn_s,1
1888,835,pepperoni_m,1
1889,835,southw_ckn_l,1
1890,836,five_cheese_l,1
1891,836,four_cheese_l,1
1892,836,hawaiian_s,1
1893,836,the_greek_xl,1
1894,837,ital_supr_m,1
1895,838,ckn_alfredo_m,1
1896,838,ital_supr_m,1
1897,838,veggie_veg_m,1
1898,839,mexicana_l,2
1899,840,ital_supr_l,1
1900,841,peppr_salami_l,1
1901,842,spin_pesto_s,1
1902,842,spinach_fet_m,1
1903,842,spinach_supr_s,1
1904,843,spinach_supr_m,1
1905,844,veggie_veg_m,1
1906,845,classic_dlx_l,1
1907,845,five_cheese_l,1
1908,845,ital_supr_m,1
1909,845,southw_ckn_l,1
1910,846,cali_ckn_l,1
1911,846,five_cheese_l,1
1912,847,pepperoni_m,1
1913,848,big_meat_s,1
1914,849,classic_dlx_m,1
1915,849,sicilian_s,1
1916,849,spicy_ital_l,1
1917,849,spicy_ital_s,1
1918,850,four_cheese_l,1
1919,850,southw_ckn_l,1
1920,850,thai_ckn_m,1
1921,851,bbq_ckn_l,1
1922,852,thai_ckn_m,1
1923,853,pepperoni_m,1
1924,854,pepperoni_s,1
1925,854,soppressata_l,1
1926,855,five_cheese_l,1
1927,855,sicilian_m,1
1928,855,southw_ckn_s,1
1929,855,spin_pesto_m,1
1930,855,veggie_veg_m,1
1931,856,spicy_ital_l,1
1932,857,napolitana_s,1
1933,858,peppr_salami_s,1
1934,858,thai_ckn_l,1
1935,858,veggie_veg_m,1
1936,859,big_meat_s,1
1937,859,calabrese_m,1
1938,859,ckn_alfredo_m,1
1939,859,the_greek_l,1
1940,860,sicilian_s,1
1941,860,spicy_ital_m,1
1942,861,prsc_argla_l,1
1943,862,southw_ckn_m,1
1944,863,thai_ckn_m,1
1945,864,big_meat_s,1
1946,864,hawaiian_s,1
1947,864,ital_supr_l,1
1948,864,mediterraneo_m,1
1949,864,sicilian_l,1
1950,864,spinach_fet_l,1
1951,864,spinach_supr_l,1
1952,864,the_greek_m,1
1953,864,veggie_veg_m,1
1954,865,classic_dlx_s,1
1955,866,peppr_salami_m,1
1956,867,hawaiian_l,1
1957,867,hawaiian_s,1
1958,868,soppressata_m,1
1959,869,spinach_supr_m,1
1960,869,thai_ckn_l,1
1961,870,five_cheese_l,1
1962,870,four_cheese_m,1
1963,871,ckn_alfredo_s,1
1964,872,prsc_argla_m,1
1965,873,pepperoni_m,1
1966,874,pep_msh_pep_s,1
1967,874,southw_ckn_l,1
1968,875,cali_ckn_m,1
1969,876,hawaiian_s,1
1970,876,southw_ckn_s,1
1971,876,spicy_ital_l,1
1972,877,four_cheese_l,1
1973,878,cali_ckn_m,1
1974,879,southw_ckn_s,1
1975,879,spinach_supr_s,1
1976,879,veggie_veg_m,1
1977,880,pepperoni_l,1
1978,880,pepperoni_s,1
1979,881,cali_ckn_m,1
1980,881,ital_supr_s,1
1981,882,prsc_argla_m,1
1982,882,spinach_fet_s,1
1983,882,thai_ckn_l,1
1984,883,cali_ckn_m,1
1985,883,classic_dlx_s,1
1986,883,hawaiian_s,1
1987,883,prsc_argla_s,1
1988,884,hawaiian_s,1
1989,885,mexicana_m,1
1990,885,sicilian_s,1
1991,885,spicy_ital_m,1
1992,885,the_greek_xl,1
1993,886,mediterraneo_l,1
1994,886,sicilian_s,1
1995,886,spicy_ital_l,1
1996,887,pepperoni_l,1
1997,887,spicy_ital_m,1
1998,888,sicilian_m,1
1999,888,soppressata_s,1
2000,889,bbq_ckn_l,1
